SALT LAKE CITY INTERNATIONAL AIRPORT,11/01/20,49
SALT LAKE CITY INTERNATIONAL AIRPORT,11/02/20,49
SALT LAKE CITY INTERNATIONAL AIRPORT,11/03/20,52
SALT LAKE CITY INTERNATIONAL AIRPORT,11/04/20,57
SALT LAKE CITY INTERNATIONAL AIRPORT,11/05/20,56
SALT LAKE CITY INTERNATIONAL AIRPORT,11/06/20,62
SALT LAKE CITY INTERNATIONAL AIRPORT,11/07/20,65
SALT LAKE CITY INTERNATIONAL AIRPORT,11/08/20,40
SALT LAKE CITY INTERNATIONAL AIRPORT,11/09/20,31
SALT LAKE CITY INTERNATIONAL AIRPORT,11/10/20,33
SALT LAKE CITY INTERNATIONAL AIRPORT,11/11/20,36
SALT LAKE CITY INTERNATIONAL AIRPORT,11/12/20,33
SALT LAKE CITY INTERNATIONAL AIRPORT,11/13/20,36
SALT LAKE CITY INTERNATIONAL AIRPORT,11/14/20,41
SALT LAKE CITY INTERNATIONAL AIRPORT,11/15/20,42
SALT LAKE CITY INTERNATIONAL AIRPORT,11/16/20,45
SALT LAKE CITY INTERNATIONAL AIRPORT,11/17/20,52
SALT LAKE CITY INTERNATIONAL AIRPORT,11/18/20,63
SALT LAKE CITY INTERNATIONAL AIRPORT,11/19/20,50
SALT LAKE CITY INTERNATIONAL AIRPORT,11/20/20,39
SALT LAKE CITY INTERNATIONAL AIRPORT,11/21/20,36
SALT LAKE CITY INTERNATIONAL AIRPORT,11/22/20,33
SALT LAKE CITY INTERNATIONAL AIRPORT,11/23/20,33
SALT LAKE CITY INTERNATIONAL AIRPORT,11/24/20,35
SALT LAKE CITY INTERNATIONAL AIRPORT,11/25/20,36
SALT LAKE CITY INTERNATIONAL AIRPORT,11/26/20,35
SALT LAKE CITY INTERNATIONAL AIRPORT,11/27/20,29
SALT LAKE CITY INTERNATIONAL AIRPORT,11/28/20,31
SALT LAKE CITY INTERNATIONAL AIRPORT,11/29/20,31
SALT LAKE CITY INTERNATIONAL AIRPORT,11/30/20,31
SALT LAKE CITY INTERNATIONAL AIRPORT,12/01/20,33
SALT LAKE CITY INTERNATIONAL AIRPORT,12/02/20,30
SALT LAKE CITY INTERNATIONAL AIRPORT,12/03/20,28
SALT LAKE CITY INTERNATIONAL AIRPORT,12/04/20,27
SALT LAKE CITY INTERNATIONAL AIRPORT,12/05/20,27
SALT LAKE CITY INTERNATIONAL AIRPORT,12/06/20,28
SALT LAKE CITY INTERNATIONAL AIRPORT,12/07/20,28
SALT LAKE CITY INTERNATIONAL AIRPORT,12/08/20,29
SALT LAKE CITY INTERNATIONAL AIRPORT,12/09/20,27
SALT LAKE CITY INTERNATIONAL AIRPORT,12/10/20,28
SALT LAKE CITY INTERNATIONAL AIRPORT,12/11/20,27
SALT LAKE CITY INTERNATIONAL AIRPORT,12/12/20,27
SALT LAKE CITY INTERNATIONAL AIRPORT,12/13/20,23
SALT LAKE CITY INTERNATIONAL AIRPORT,12/14/20,27
SALT LAKE CITY INTERNATIONAL AIRPORT,12/15/20,26
SALT LAKE CITY INTERNATIONAL AIRPORT,12/16/20,32
SALT LAKE CITY INTERNATIONAL AIRPORT,12/17/20,34
SALT LAKE CITY INTERNATIONAL AIRPORT,12/18/20,32
SALT LAKE CITY INTERNATIONAL AIRPORT,12/19/20,32
SALT LAKE CITY INTERNATIONAL AIRPORT,12/20/20,33
SALT LAKE CITY INTERNATIONAL AIRPORT,12/21/20,42
SALT LAKE CITY INTERNATIONAL AIRPORT,12/22/20,40
SALT LAKE CITY INTERNATIONAL AIRPORT,12/23/20,29
SALT LAKE CITY INTERNATIONAL AIRPORT,12/24/20,25
SALT LAKE CITY INTERNATIONAL AIRPORT,12/25/20,25
SALT LAKE CITY INTERNATIONAL AIRPORT,12/26/20,26
SALT LAKE CITY INTERNATIONAL AIRPORT,12/27/20,32
SALT LAKE CITY INTERNATIONAL AIRPORT,12/28/20,27
SALT LAKE CITY INTERNATIONAL AIRPORT,12/29/20,26
SALT LAKE CITY INTERNATIONAL AIRPORT,12/30/20,24
SALT LAKE CITY INTERNATIONAL AIRPORT,12/31/20,29
SALT LAKE CITY INTERNATIONAL AIRPORT,01/01/21,27
SALT LAKE CITY INTERNATIONAL AIRPORT,01/02/21,30
SALT LAKE CITY INTERNATIONAL AIRPORT,01/03/21,29
SALT LAKE CITY INTERNATIONAL AIRPORT,01/04/21,33
SALT LAKE CITY INTERNATIONAL AIRPORT,01/05/21,36
SALT LAKE CITY INTERNATIONAL AIRPORT,01/06/21,31
SALT LAKE CITY INTERNATIONAL AIRPORT,01/07/21,31
SALT LAKE CITY INTERNATIONAL AIRPORT,01/08/21,31
SALT LAKE CITY INTERNATIONAL AIRPORT,01/09/21,31
SALT LAKE CITY INTERNATIONAL AIRPORT,01/10/21,28
SALT LAKE CITY INTERNATIONAL AIRPORT,01/11/21,25
SALT LAKE CITY INTERNATIONAL AIRPORT,01/12/21,27
SALT LAKE CITY INTERNATIONAL AIRPORT,01/13/21,34
SALT LAKE CITY INTERNATIONAL AIRPORT,01/14/21,35
SALT LAKE CITY INTERNATIONAL AIRPORT,01/15/21,32
SALT LAKE CITY INTERNATIONAL AIRPORT,01/16/21,36
SALT LAKE CITY INTERNATIONAL AIRPORT,01/17/21,33
SALT LAKE CITY INTERNATIONAL AIRPORT,01/18/21,35
SALT LAKE CITY INTERNATIONAL AIRPORT,01/19/21,33
SALT LAKE CITY INTERNATIONAL AIRPORT,01/20/21,30
SALT LAKE CITY INTERNATIONAL AIRPORT,01/21/21,31
SALT LAKE CITY INTERNATIONAL AIRPORT,01/22/21,34
SALT LAKE CITY INTERNATIONAL AIRPORT,01/23/21,37
SALT LAKE CITY INTERNATIONAL AIRPORT,01/24/21,29
SALT LAKE CITY INTERNATIONAL AIRPORT,01/25/21,27
SALT LAKE CITY INTERNATIONAL AIRPORT,01/26/21,25
SALT LAKE CITY INTERNATIONAL AIRPORT,01/27/21,30
SALT LAKE CITY INTERNATIONAL AIRPORT,01/28/21,39
SALT LAKE CITY INTERNATIONAL AIRPORT,01/29/21,46
SALT LAKE CITY INTERNATIONAL AIRPORT,01/30/21,37
SALT LAKE CITY INTERNATIONAL AIRPORT,01/31/21,35
SALT LAKE CITY INTERNATIONAL AIRPORT,02/01/21,34
SALT LAKE CITY INTERNATIONAL AIRPORT,02/02/21,36
SALT LAKE CITY INTERNATIONAL AIRPORT,02/03/21,42
SALT LAKE CITY INTERNATIONAL AIRPORT,02/04/21,34
SALT LAKE CITY INTERNATIONAL AIRPORT,02/05/21,34
SALT LAKE CITY INTERNATIONAL AIRPORT,02/06/21,36
SALT LAKE CITY INTERNATIONAL AIRPORT,02/07/21,43
SALT LAKE CITY INTERNATIONAL AIRPORT,02/08/21,44
SALT LAKE CITY INTERNATIONAL AIRPORT,02/09/21,41
SALT LAKE CITY INTERNATIONAL AIRPORT,02/10/21,44
SALT LAKE CITY INTERNATIONAL AIRPORT,02/11/21,44
SALT LAKE CITY INTERNATIONAL AIRPORT,02/12/21,45
SALT LAKE CITY INTERNATIONAL AIRPORT,02/13/21,39
SALT LAKE CITY INTERNATIONAL AIRPORT,02/14/21,30
SALT LAKE CITY INTERNATIONAL AIRPORT,02/15/21,33
SALT LAKE CITY INTERNATIONAL AIRPORT,02/16/21,34
SALT LAKE CITY INTERNATIONAL AIRPORT,02/17/21,30
SALT LAKE CITY INTERNATIONAL AIRPORT,02/18/21,27
SALT LAKE CITY INTERNATIONAL AIRPORT,02/19/21,33
SALT LAKE CITY INTERNATIONAL AIRPORT,02/20/21,39
SALT LAKE CITY INTERNATIONAL AIRPORT,02/21/21,35
SALT LAKE CITY INTERNATIONAL AIRPORT,02/22/21,38
SALT LAKE CITY INTERNATIONAL AIRPORT,02/23/21,41
SALT LAKE CITY INTERNATIONAL AIRPORT,02/24/21,32
SALT LAKE CITY INTERNATIONAL AIRPORT,02/25/21,30
SALT LAKE CITY INTERNATIONAL AIRPORT,02/26/21,36
SALT LAKE CITY INTERNATIONAL AIRPORT,02/27/21,31
SALT LAKE CITY INTERNATIONAL AIRPORT,02/28/21,29
SALT LAKE CITY INTERNATIONAL AIRPORT,03/01/21,32
SALT LAKE CITY INTERNATIONAL AIRPORT,03/02/21,38
SALT LAKE CITY INTERNATIONAL AIRPORT,03/03/21,43
SALT LAKE CITY INTERNATIONAL AIRPORT,03/04/21,48
SALT LAKE CITY INTERNATIONAL AIRPORT,03/05/21,47
SALT LAKE CITY INTERNATIONAL AIRPORT,03/06/21,54
SALT LAKE CITY INTERNATIONAL AIRPORT,03/07/21,47
SALT LAKE CITY INTERNATIONAL AIRPORT,03/08/21,54
SALT LAKE CITY INTERNATIONAL AIRPORT,03/09/21,48
SALT LAKE CITY INTERNATIONAL AIRPORT,03/10/21,40
SALT LAKE CITY INTERNATIONAL AIRPORT,03/11/21,40
SALT LAKE CITY INTERNATIONAL AIRPORT,03/12/21,37
SALT LAKE CITY INTERNATIONAL AIRPORT,03/13/21,42
SALT LAKE CITY INTERNATIONAL AIRPORT,03/14/21,43
SALT LAKE CITY INTERNATIONAL AIRPORT,03/15/21,50
SALT LAKE CITY INTERNATIONAL AIRPORT,03/16/21,50
SALT LAKE CITY INTERNATIONAL AIRPORT,03/17/21,47
SALT LAKE CITY INTERNATIONAL AIRPORT,03/18/21,52
SALT LAKE CITY INTERNATIONAL AIRPORT,03/19/21,57
SALT LAKE CITY INTERNATIONAL AIRPORT,03/20/21,53
SALT LAKE CITY INTERNATIONAL AIRPORT,03/21/21,37
SALT LAKE CITY INTERNATIONAL AIRPORT,03/22/21,36
SALT LAKE CITY INTERNATIONAL AIRPORT,03/23/21,37
SALT LAKE CITY INTERNATIONAL AIRPORT,03/24/21,40
SALT LAKE CITY INTERNATIONAL AIRPORT,03/25/21,41
SALT LAKE CITY INTERNATIONAL AIRPORT,03/26/21,38
SALT LAKE CITY INTERNATIONAL AIRPORT,03/27/21,43
SALT LAKE CITY INTERNATIONAL AIRPORT,03/28/21,49
SALT LAKE CITY INTERNATIONAL AIRPORT,03/29/21,52
SALT LAKE CITY INTERNATIONAL AIRPORT,03/30/21,35
SALT LAKE CITY INTERNATIONAL AIRPORT,03/31/21,39
SALT LAKE CITY INTERNATIONAL AIRPORT,04/01/21,47
SALT LAKE CITY INTERNATIONAL AIRPORT,04/02/21,55
SALT LAKE CITY INTERNATIONAL AIRPORT,04/03/21,61
SALT LAKE CITY INTERNATIONAL AIRPORT,04/04/21,65
SALT LAKE CITY INTERNATIONAL AIRPORT,04/05/21,63
SALT LAKE CITY INTERNATIONAL AIRPORT,04/06/21,43
SALT LAKE CITY INTERNATIONAL AIRPORT,04/07/21,47
SALT LAKE CITY INTERNATIONAL AIRPORT,04/08/21,54
SALT LAKE CITY INTERNATIONAL AIRPORT,04/09/21,47
SALT LAKE CITY INTERNATIONAL AIRPORT,04/10/21,52
SALT LAKE CITY INTERNATIONAL AIRPORT,04/11/21,50
SALT LAKE CITY INTERNATIONAL AIRPORT,04/12/21,44
SALT LAKE CITY INTERNATIONAL AIRPORT,04/13/21,47
SALT LAKE CITY INTERNATIONAL AIRPORT,04/14/21,45
SALT LAKE CITY INTERNATIONAL AIRPORT,04/15/21,41
SALT LAKE CITY INTERNATIONAL AIRPORT,04/16/21,42
SALT LAKE CITY INTERNATIONAL AIRPORT,04/17/21,47
SALT LAKE CITY INTERNATIONAL AIRPORT,04/18/21,49
SALT LAKE CITY INTERNATIONAL AIRPORT,04/19/21,55
SALT LAKE CITY INTERNATIONAL AIRPORT,04/20/21,45
SALT LAKE CITY INTERNATIONAL AIRPORT,04/21/21,51
SALT LAKE CITY INTERNATIONAL AIRPORT,04/22/21,51
SALT LAKE CITY INTERNATIONAL AIRPORT,04/23/21,55
SALT LAKE CITY INTERNATIONAL AIRPORT,04/24/21,57
SALT LAKE CITY INTERNATIONAL AIRPORT,04/25/21,57
SALT LAKE CITY INTERNATIONAL AIRPORT,04/26/21,46
SALT LAKE CITY INTERNATIONAL AIRPORT,04/27/21,43
SALT LAKE CITY INTERNATIONAL AIRPORT,04/28/21,51
SALT LAKE CITY INTERNATIONAL AIRPORT,04/29/21,58
SALT LAKE CITY INTERNATIONAL AIRPORT,04/30/21,65
SALT LAKE CITY INTERNATIONAL AIRPORT,05/01/21,72
SALT LAKE CITY INTERNATIONAL AIRPORT,05/02/21,62
SALT LAKE CITY INTERNATIONAL AIRPORT,05/03/21,56
SALT LAKE CITY INTERNATIONAL AIRPORT,05/04/21,58
SALT LAKE CITY INTERNATIONAL AIRPORT,05/05/21,60
SALT LAKE CITY INTERNATIONAL AIRPORT,05/06/21,65
SALT LAKE CITY INTERNATIONAL AIRPORT,05/07/21,75
SALT LAKE CITY INTERNATIONAL AIRPORT,05/08/21,56
SALT LAKE CITY INTERNATIONAL AIRPORT,05/09/21,52
SALT LAKE CITY INTERNATIONAL AIRPORT,05/10/21,53
SALT LAKE CITY INTERNATIONAL AIRPORT,05/11/21,53
SALT LAKE CITY INTERNATIONAL AIRPORT,05/12/21,58
SALT LAKE CITY INTERNATIONAL AIRPORT,05/13/21,67
SALT LAKE CITY INTERNATIONAL AIRPORT,05/14/21,73
SALT LAKE CITY INTERNATIONAL AIRPORT,05/15/21,72
SALT LAKE CITY INTERNATIONAL AIRPORT,05/16/21,69
SALT LAKE CITY INTERNATIONAL AIRPORT,05/17/21,62
SALT LAKE CITY INTERNATIONAL AIRPORT,05/18/21,67
SALT LAKE CITY INTERNATIONAL AIRPORT,05/19/21,72
SALT LAKE CITY INTERNATIONAL AIRPORT,05/20/21,69
SALT LAKE CITY INTERNATIONAL AIRPORT,05/21/21,58
SALT LAKE CITY INTERNATIONAL AIRPORT,05/22/21,56
SALT LAKE CITY INTERNATIONAL AIRPORT,05/23/21,56
SALT LAKE CITY INTERNATIONAL AIRPORT,05/24/21,53
SALT LAKE CITY INTERNATIONAL AIRPORT,05/25/21,62
SALT LAKE CITY INTERNATIONAL AIRPORT,05/26/21,65
SALT LAKE CITY INTERNATIONAL AIRPORT,05/27/21,64
SALT LAKE CITY INTERNATIONAL AIRPORT,05/28/21,71
SALT LAKE CITY INTERNATIONAL AIRPORT,05/29/21,68
SALT LAKE CITY INTERNATIONAL AIRPORT,05/30/21,68
SALT LAKE CITY INTERNATIONAL AIRPORT,05/31/21,71
SALT LAKE CITY INTERNATIONAL AIRPORT,06/01/21,74
SALT LAKE CITY INTERNATIONAL AIRPORT,06/02/21,77
SALT LAKE CITY INTERNATIONAL AIRPORT,06/03/21,80
SALT LAKE CITY INTERNATIONAL AIRPORT,06/04/21,85
SALT LAKE CITY INTERNATIONAL AIRPORT,06/05/21,85
SALT LAKE CITY INTERNATIONAL AIRPORT,06/06/21,79
SALT LAKE CITY INTERNATIONAL AIRPORT,06/07/21,81
SALT LAKE CITY INTERNATIONAL AIRPORT,06/08/21,83
SALT LAKE CITY INTERNATIONAL AIRPORT,06/09/21,81
SALT LAKE CITY INTERNATIONAL AIRPORT,06/10/21,75
SALT LAKE CITY INTERNATIONAL AIRPORT,06/11/21,60
SALT LAKE CITY INTERNATIONAL AIRPORT,06/12/21,72
SALT LAKE CITY INTERNATIONAL AIRPORT,06/13/21,80
SALT LAKE CITY INTERNATIONAL AIRPORT,06/14/21,87
SALT LAKE CITY INTERNATIONAL AIRPORT,06/15/21,91
SALT LAKE CITY INTERNATIONAL AIRPORT,06/16/21,86
SALT LAKE CITY INTERNATIONAL AIRPORT,06/17/21,83
SALT LAKE CITY INTERNATIONAL AIRPORT,06/18/21,85
SALT LAKE CITY INTERNATIONAL AIRPORT,06/19/21,91
SALT LAKE CITY INTERNATIONAL AIRPORT,06/20/21,85
SALT LAKE CITY INTERNATIONAL AIRPORT,06/21/21,81
SALT LAKE CITY INTERNATIONAL AIRPORT,06/22/21,86
SALT LAKE CITY INTERNATIONAL AIRPORT,06/23/21,86
SALT LAKE CITY INTERNATIONAL AIRPORT,06/24/21,78
SALT LAKE CITY INTERNATIONAL AIRPORT,06/25/21,72
SALT LAKE CITY INTERNATIONAL AIRPORT,06/26/21,77
SALT LAKE CITY INTERNATIONAL AIRPORT,06/27/21,81
SALT LAKE CITY INTERNATIONAL AIRPORT,06/28/21,82
SALT LAKE CITY INTERNATIONAL AIRPORT,06/29/21,83
SALT LAKE CITY INTERNATIONAL AIRPORT,06/30/21,80
SALT LAKE CITY INTERNATIONAL AIRPORT,07/01/21,80
SALT LAKE CITY INTERNATIONAL AIRPORT,07/02/21,84
SALT LAKE CITY INTERNATIONAL AIRPORT,07/03/21,86
SALT LAKE CITY INTERNATIONAL AIRPORT,07/04/21,87
SALT LAKE CITY INTERNATIONAL AIRPORT,07/05/21,85
SALT LAKE CITY INTERNATIONAL AIRPORT,07/06/21,85
SALT LAKE CITY INTERNATIONAL AIRPORT,07/07/21,89
SALT LAKE CITY INTERNATIONAL AIRPORT,07/08/21,90
SALT LAKE CITY INTERNATIONAL AIRPORT,07/09/21,90
SALT LAKE CITY INTERNATIONAL AIRPORT,07/10/21,85
SALT LAKE CITY INTERNATIONAL AIRPORT,07/11/21,86
SALT LAKE CITY INTERNATIONAL AIRPORT,07/12/21,88
SALT LAKE CITY INTERNATIONAL AIRPORT,07/13/21,91
SALT LAKE CITY INTERNATIONAL AIRPORT,07/14/21,87
SALT LAKE CITY INTERNATIONAL AIRPORT,07/15/21,86
SALT LAKE CITY INTERNATIONAL AIRPORT,07/16/21,85
SALT LAKE CITY INTERNATIONAL AIRPORT,07/17/21,86
SALT LAKE CITY INTERNATIONAL AIRPORT,07/18/21,89
SALT LAKE CITY INTERNATIONAL AIRPORT,07/19/21,89
SALT LAKE CITY INTERNATIONAL AIRPORT,07/20/21,84
SALT LAKE CITY INTERNATIONAL AIRPORT,07/21/21,86
SALT LAKE CITY INTERNATIONAL AIRPORT,07/22/21,87
SALT LAKE CITY INTERNATIONAL AIRPORT,07/23/21,81
SALT LAKE CITY INTERNATIONAL AIRPORT,07/24/21,83
SALT LAKE CITY INTERNATIONAL AIRPORT,07/25/21,85
SALT LAKE CITY INTERNATIONAL AIRPORT,07/26/21,84
SALT LAKE CITY INTERNATIONAL AIRPORT,07/27/21,85
SALT LAKE CITY INTERNATIONAL AIRPORT,07/28/21,85
SALT LAKE CITY INTERNATIONAL AIRPORT,07/29/21,81
SALT LAKE CITY INTERNATIONAL AIRPORT,07/30/21,80
SALT LAKE CITY INTERNATIONAL AIRPORT,07/31/21,82
SALT LAKE CITY INTERNATIONAL AIRPORT,08/01/21,80
SALT LAKE CITY INTERNATIONAL AIRPORT,08/02/21,71
SALT LAKE CITY INTERNATIONAL AIRPORT,08/03/21,75
SALT LAKE CITY INTERNATIONAL AIRPORT,08/04/21,79
SALT LAKE CITY INTERNATIONAL AIRPORT,08/05/21,85
SALT LAKE CITY INTERNATIONAL AIRPORT,08/06/21,86
SALT LAKE CITY INTERNATIONAL AIRPORT,08/07/21,73
SALT LAKE CITY INTERNATIONAL AIRPORT,08/08/21,80
SALT LAKE CITY INTERNATIONAL AIRPORT,08/09/21,80
SALT LAKE CITY INTERNATIONAL AIRPORT,08/10/21,76
SALT LAKE CITY INTERNATIONAL AIRPORT,08/11/21,78
SALT LAKE CITY INTERNATIONAL AIRPORT,08/12/21,81
SALT LAKE CITY INTERNATIONAL AIRPORT,08/13/21,85
SALT LAKE CITY INTERNATIONAL AIRPORT,08/14/21,86
SALT LAKE CITY INTERNATIONAL AIRPORT,08/15/21,85
SALT LAKE CITY INTERNATIONAL AIRPORT,08/16/21,82
SALT LAKE CITY INTERNATIONAL AIRPORT,08/17/21,84
SALT LAKE CITY INTERNATIONAL AIRPORT,08/18/21,67
SALT LAKE CITY INTERNATIONAL AIRPORT,08/19/21,56
SALT LAKE CITY INTERNATIONAL AIRPORT,08/20/21,60
SALT LAKE CITY INTERNATIONAL AIRPORT,08/21/21,71
SALT LAKE CITY INTERNATIONAL AIRPORT,08/22/21,67
SALT LAKE CITY INTERNATIONAL AIRPORT,08/23/21,78
SALT LAKE CITY INTERNATIONAL AIRPORT,08/24/21,81
SALT LAKE CITY INTERNATIONAL AIRPORT,08/25/21,80
SALT LAKE CITY INTERNATIONAL AIRPORT,08/26/21,79
SALT LAKE CITY INTERNATIONAL AIRPORT,08/27/21,74
SALT LAKE CITY INTERNATIONAL AIRPORT,08/28/21,72
SALT LAKE CITY INTERNATIONAL AIRPORT,08/29/21,72
SALT LAKE CITY INTERNATIONAL AIRPORT,08/30/21,75
SALT LAKE CITY INTERNATIONAL AIRPORT,08/31/21,80
SALT LAKE CITY INTERNATIONAL AIRPORT,09/01/21,79
SALT LAKE CITY INTERNATIONAL AIRPORT,09/02/21,76
SALT LAKE CITY INTERNATIONAL AIRPORT,09/03/21,74
SALT LAKE CITY INTERNATIONAL AIRPORT,09/04/21,70
SALT LAKE CITY INTERNATIONAL AIRPORT,09/05/21,74
SALT LAKE CITY INTERNATIONAL AIRPORT,09/06/21,77
SALT LAKE CITY INTERNATIONAL AIRPORT,09/07/21,76
SALT LAKE CITY INTERNATIONAL AIRPORT,09/08/21,76
SALT LAKE CITY INTERNATIONAL AIRPORT,09/09/21,78
SALT LAKE CITY INTERNATIONAL AIRPORT,09/10/21,82
SALT LAKE CITY INTERNATIONAL AIRPORT,09/11/21,71
SALT LAKE CITY INTERNATIONAL AIRPORT,09/12/21,73
SALT LAKE CITY INTERNATIONAL AIRPORT,09/13/21,74
SALT LAKE CITY INTERNATIONAL AIRPORT,09/14/21,71
SALT LAKE CITY INTERNATIONAL AIRPORT,09/15/21,72
SALT LAKE CITY INTERNATIONAL AIRPORT,09/16/21,74
SALT LAKE CITY INTERNATIONAL AIRPORT,09/17/21,70
SALT LAKE CITY INTERNATIONAL AIRPORT,09/18/21,73
SALT LAKE CITY INTERNATIONAL AIRPORT,09/19/21,71
SALT LAKE CITY INTERNATIONAL AIRPORT,09/20/21,56
SALT LAKE CITY INTERNATIONAL AIRPORT,09/21/21,57
SALT LAKE CITY INTERNATIONAL AIRPORT,09/22/21,63
SALT LAKE CITY INTERNATIONAL AIRPORT,09/23/21,66
SALT LAKE CITY INTERNATIONAL AIRPORT,09/24/21,66
SALT LAKE CITY INTERNATIONAL AIRPORT,09/25/21,69
SALT LAKE CITY INTERNATIONAL AIRPORT,09/26/21,71
SALT LAKE CITY INTERNATIONAL AIRPORT,09/27/21,72
SALT LAKE CITY INTERNATIONAL AIRPORT,09/28/21,71
SALT LAKE CITY INTERNATIONAL AIRPORT,09/29/21,53
SALT LAKE CITY INTERNATIONAL AIRPORT,09/30/21,54
SALT LAKE CITY INTERNATIONAL AIRPORT,10/01/21,58
SALT LAKE CITY INTERNATIONAL AIRPORT,10/02/21,62
SALT LAKE CITY INTERNATIONAL AIRPORT,10/03/21,62
SALT LAKE CITY INTERNATIONAL AIRPORT,10/04/21,66
SALT LAKE CITY INTERNATIONAL AIRPORT,10/05/21,70
SALT LAKE CITY INTERNATIONAL AIRPORT,10/06/21,64
SALT LAKE CITY INTERNATIONAL AIRPORT,10/07/21,62
SALT LAKE CITY INTERNATIONAL AIRPORT,10/08/21,57
SALT LAKE CITY INTERNATIONAL AIRPORT,10/09/21,49
SALT LAKE CITY INTERNATIONAL AIRPORT,10/10/21,51
SALT LAKE CITY INTERNATIONAL AIRPORT,10/11/21,53
SALT LAKE CITY INTERNATIONAL AIRPORT,10/12/21,41
SALT LAKE CITY INTERNATIONAL AIRPORT,10/13/21,39
SALT LAKE CITY INTERNATIONAL AIRPORT,10/14/21,42
SALT LAKE CITY INTERNATIONAL AIRPORT,10/15/21,41
SALT LAKE CITY INTERNATIONAL AIRPORT,10/16/21,46
SALT LAKE CITY INTERNATIONAL AIRPORT,10/17/21,53
SALT LAKE CITY INTERNATIONAL AIRPORT,10/18/21,57
SALT LAKE CITY INTERNATIONAL AIRPORT,10/19/21,43
SALT LAKE CITY INTERNATIONAL AIRPORT,10/20/21,46
SALT LAKE CITY INTERNATIONAL AIRPORT,10/21/21,52
SALT LAKE CITY INTERNATIONAL AIRPORT,10/22/21,54
SALT LAKE CITY INTERNATIONAL AIRPORT,10/23/21,53
SALT LAKE CITY INTERNATIONAL AIRPORT,10/24/21,46
SALT LAKE CITY INTERNATIONAL AIRPORT,10/25/21,62
SALT LAKE CITY INTERNATIONAL AIRPORT,10/26/21,43
SALT LAKE CITY INTERNATIONAL AIRPORT,10/27/21,48
SALT LAKE CITY INTERNATIONAL AIRPORT,10/28/21,51
SALT LAKE CITY INTERNATIONAL AIRPORT,10/29/21,51
SALT LAKE CITY INTERNATIONAL AIRPORT,10/30/21,52
SALT LAKE CITY INTERNATIONAL AIRPORT,10/31/21,53
SALT LAKE CITY INTERNATIONAL AIRPORT,11/01/21,53